{
  "version": "20260410_031835",
  "trained_at": "2026-04-10T03:18:35.542901",
  "train_samples": 9820,
  "val_samples": 2448,
  "metrics": {
    "catboost": {
      "ndcg@10": 0.9488356517306284
    },
    "mlp": {
      "ndcg@10": 0.42857927377147487
    },
    "lightgbm": {
      "ndcg@10": 0.9484869061675909
    },
    "ensemble": {
      "ndcg@10": 0.9488356517306284,
      "weights": {
        "catboost": 0.0,
        "mlp": 0.1,
        "lightgbm": 0.9
      }
    }
  },
  "weights": {
    "catboost": 0.0,
    "mlp": 0.1,
    "lightgbm": 0.9
  },
  "models": {
    "catboost": true,
    "mlp": true,
    "lightgbm": true
  }
}